City_ID,City,Lat,Lng,Max Temp,Humidity,Cloudiness,Wind Speed,Country,Date
0,suklayin,15.7574,121.5503,296.9,94,31,1.07,PH,1702146163
1,whitehorse,60.7161,-135.0538,261.58,84,100,1.54,CA,1702146163
2,port-aux-francais,-49.35,70.2167,276.61,79,65,11.61,TF,1702146164
3,jamestown,42.097,-79.2353,287.35,59,100,6.69,US,1702146164
4,waitangi,-43.9535,-176.5597,288.05,86,82,6.26,NZ,1702146164
5,corredor,8.64,-82.946,299.68,55,20,2.26,CR,1702146164
6,edinburgh of the seven seas,-37.0676,-12.3116,288.12,89,99,7.13,SH,1702146164
7,adamstown,-25.066,-130.1015,295.2,82,100,6.98,PN,1702146164
8,miracema do tocantins,-9.5618,-48.3967,308.83,33,78,2.62,BR,1702146164
9,papatowai,-46.5619,169.4708,282.7,66,58,7.86,NZ,1702146164
10,stanley,54.868,-1.6985,281.36,94,75,1.03,GB,1702146165
11,olonkinbyen,70.9221,-8.7187,268.21,62,100,6.89,SJ,1702146165
12,palmer,42.1584,-72.3287,284.74,70,100,1.34,US,1702146165
13,yellowknife,62.456,-114.3525,263.44,92,100,7.72,CA,1702146165
14,fort st. john,56.2499,-120.8529,268.09,74,75,3.6,CA,1702146165
15,teguise,29.0605,-13.564,293.27,73,20,6.69,ES,1702146165
16,mount gambier,-37.8333,140.7667,285.03,64,100,4.3,AU,1702146165
17,port elizabeth,-33.918,25.5701,288.2,94,0,2.06,ZA,1702146165
18,cabo san lucas,22.8909,-109.9124,302.32,53,0,2.57,MX,1702146165
19,bredasdorp,-34.5322,20.0403,290.18,72,7,3.82,ZA,1702146165
20,nemuro,43.3236,145.575,279.52,79,27,4.85,JP,1702146166
21,mogadishu,2.0371,45.3438,300.42,76,27,8.54,SO,1702146166
22,blackmans bay,-43.0167,147.3167,280.11,84,78,0.45,AU,1702146166
23,shubarshi,48.5872,57.1869,261.46,51,90,4.61,KZ,1702146166
24,ouadda,8.0777,22.4007,297.37,29,90,0.75,CF,1702146166
25,kingscliff,-28.2667,153.5667,294.04,88,75,2.06,AU,1702146166
26,la mira,18.035,-102.3266,303.0,55,40,1.89,MX,1702146166
27,invercargill,-46.4,168.35,282.38,72,54,6.56,NZ,1702146167
28,darwin,-12.4611,130.8418,298.14,88,40,3.6,AU,1702145999
29,mejit,10.2753,170.8646,300.35,79,100,8.45,MH,1702146167
30,tiksi,71.6872,128.8694,248.09,99,100,2.35,RU,1702146167
31,nagqu,31.5,92.0,265.21,44,78,0.48,CN,1702146167
32,angaur state,6.906,134.13,301.95,73,100,5.19,PW,1702146167
33,puerto natales,-51.7236,-72.4875,287.4,51,75,9.77,CL,1702146167
34,ciudad bolivar,8.1222,-63.5497,307.51,37,41,5.15,VE,1702146167
35,farkhar,36.5729,69.8578,279.15,57,5,0.99,AF,1702146168
36,nadym,65.5333,72.5167,233.76,100,44,1.5,RU,1702146168
37,atafu village,-8.5421,-172.5159,301.72,77,59,3.82,TK,1702146168
38,pangody,65.85,74.4859,234.34,100,30,1.83,RU,1702146168
39,lebu,-37.6167,-73.65,288.07,66,0,9.45,CL,1702146168
40,grytviken,-54.2811,-36.5092,276.26,78,12,4.08,GS,1702146168
41,lospalos,-8.5186,127.0025,296.9,87,100,0.67,TL,1702146168
42,fort bragg,35.139,-79.006,296.43,59,20,5.14,US,1702146168
43,council bluffs,41.2619,-95.8608,276.58,66,100,11.32,US,1702146024
44,puerto ayora,-0.7393,-90.3518,305.13,90,59,2.68,EC,1702146169
45,remire-montjoly,4.9167,-52.2667,304.17,62,75,3.09,GF,1702146169
46,avarua,-21.2078,-159.775,298.18,88,75,7.72,CK,1702146169
47,rio grande,-32.035,-52.0986,298.21,64,10,7.25,BR,1702146169
48,port alfred,-33.5906,26.891,287.14,96,100,0.45,ZA,1702146169
49,usinsk,65.9939,57.5281,247.63,100,97,1.79,RU,1702146169
50,juigne,47.7188,-0.3941,285.36,71,0,7.2,FR,1702146169
51,charters towers,-20.1,146.2667,294.44,76,6,1.8,AU,1702146169
52,qaqortoq,60.7167,-46.0333,270.28,72,95,3.96,GL,1702146170
53,kangiwa,12.5521,3.8187,299.99,10,95,3.64,NG,1702146170
54,punta gorda,26.9298,-82.0454,302.59,61,40,5.66,US,1702146170
55,forio,40.7342,13.8646,286.0,48,39,1.89,IT,1702146170
56,nogliki,51.8333,143.1667,261.67,92,100,8.49,RU,1702146170
57,severo-yeniseyskiy,60.3725,93.0408,238.08,100,97,1.15,RU,1702146170
58,galveston,29.3669,-94.9669,299.87,76,0,5.66,US,1702146170
59,chaman,30.9236,66.4512,282.16,30,99,1.22,PK,1702146170
60,east ballina,-28.8667,153.5833,291.37,84,14,3.21,AU,1702146170
61,chui,-33.6971,-53.4616,293.59,55,48,6.18,UY,1702146167
62,bethel,41.3712,-73.414,286.49,77,75,2.57,US,1702146171
63,uglegorsk,49.0833,142.0333,266.26,78,100,8.73,RU,1702146171
64,ribeira grande,38.5167,-28.7,292.47,88,40,7.2,PT,1702146171
65,haiku-pauwela,20.9219,-156.3051,297.62,69,20,0.0,US,1702146171
66,mcrae,32.068,-82.9007,298.68,56,4,3.78,US,1702146171
67,fale old settlement,-9.3852,-171.2468,301.57,74,100,5.33,TK,1702146171
68,anadyr,64.75,177.4833,247.43,70,0,4.0,RU,1702146171
69,san patricio,28.017,-97.5169,301.07,67,89,4.24,US,1702146171
70,iskateley,67.6803,53.1512,245.94,92,9,2.68,RU,1702146081
71,stjordalshalsen,63.4681,10.9262,275.15,60,0,5.66,NO,1702146171
72,geraldton,-28.7667,114.6,290.38,25,0,4.12,AU,1702146172
73,bilibino,68.0546,166.4372,257.21,97,100,0.52,RU,1702146172
74,iqaluit,63.7506,-68.5145,266.0,92,100,4.63,CA,1702146172
75,uray,60.1247,64.7758,245.3,100,76,2.24,RU,1702146172
76,tidjikja,18.5564,-11.4271,300.07,12,46,5.03,MR,1702146172
77,dudinka,69.4058,86.1778,241.3,96,97,1.34,RU,1702146172
78,harvard,42.4222,-88.6137,280.53,75,71,1.34,US,1702146133
79,klyuchi,52.2667,79.1667,252.55,76,79,1.21,RU,1702146172
80,alofi,-19.0595,-169.9187,298.09,88,100,5.14,NU,1702146172
81,malvan,16.0667,73.4667,299.67,73,10,4.4,IN,1702146173
82,keflavik,64.0049,-22.5624,271.39,86,0,2.57,IS,1702146173
83,ushuaia,-54.8,-68.3,286.96,51,75,1.54,AR,1702146173
84,piterka,50.6803,47.4454,265.14,63,100,7.38,RU,1702146173
85,west island,-12.1568,96.8225,300.14,78,75,6.17,CC,1702146173
86,nandu,22.8525,110.8233,295.7,86,95,0.96,CN,1702146173
87,albany,42.6001,-73.9662,284.36,74,95,2.24,US,1702146126
88,luwuk,-0.9516,122.7875,298.67,84,83,1.55,ID,1702146173
89,minas de marcona,-15.2119,-75.1103,294.0,55,97,7.03,PE,1702146173
90,kone,-21.0595,164.8658,296.16,67,100,3.73,NC,1702146173
91,khandyga,62.6667,135.6,241.35,99,100,1.0,RU,1702146174
92,manistee,44.2445,-86.3242,279.29,61,100,7.72,US,1702146174
93,ilulissat,69.2167,-51.1,264.16,73,75,2.57,GL,1702146174
94,daoukro,7.0591,-3.9631,299.95,44,6,1.21,CI,1702146174
95,agnibilekrou,7.1344,-3.2047,300.09,45,8,0.66,CI,1702146174
96,lihue,21.9789,-159.3672,294.92,84,100,2.06,US,1702146174
97,barra de santo antonio,-9.4047,-35.5072,303.75,67,81,6.86,BR,1702146174
98,punta arenas,-53.15,-70.9167,288.21,44,75,10.8,CL,1702146174
99,uzgen,40.7699,73.3007,274.31,99,100,1.36,KG,1702146174
100,camacupa,-12.0167,17.4833,290.99,93,60,1.94,AO,1702146174
101,pacific grove,36.6177,-121.9166,286.84,52,0,5.36,US,1702146049
102,hamilton,39.1834,-84.5333,289.3,90,100,8.75,US,1702146175
103,togur,58.3631,82.8265,248.2,96,100,2.75,RU,1702146175
104,vila velha,-20.3297,-40.2925,299.12,94,75,5.14,BR,1702146175
105,kawalu,-7.3817,108.2082,297.04,90,100,1.04,ID,1702146175
106,slave lake,55.2834,-114.769,267.14,73,0,1.54,CA,1702146175
107,wailua homesteads,22.0669,-159.378,294.59,89,100,2.06,US,1702146175
108,nasir,15.5894,32.5634,299.44,18,88,2.96,SD,1702146175
109,as sulayyil,20.4607,45.5779,292.29,24,32,3.88,SA,1702146175
110,badger,64.8,-147.5333,250.02,76,40,0.0,US,1702146175
111,olinda,-8.0089,-34.8553,302.0,65,40,5.66,BR,1702146136
112,la'ie,21.6477,-157.9253,298.73,72,0,1.84,US,1702146175
113,thompson,55.7435,-97.8558,264.24,92,75,2.06,CA,1702146176
114,belmonte,-15.8631,-38.8828,301.9,68,28,5.67,BR,1702146176
115,talnakh,69.4865,88.3972,238.63,97,98,3.27,RU,1702146176
116,el bauga,18.262,33.9081,297.58,24,24,2.33,SD,1702146176
117,chonchi,-42.6128,-73.8092,287.71,57,88,0.59,CL,1702146176
118,aasiaat,68.7098,-52.8699,260.0,84,100,1.18,GL,1702146176
119,laguna,38.421,-121.4238,285.73,77,0,1.54,US,1702146176
120,skeldon,5.8833,-57.1333,302.15,67,29,3.37,GY,1702146176
121,zhangye,38.9342,100.4517,270.99,51,100,0.72,CN,1702146176
122,bayji,34.9311,43.487,290.03,60,34,2.53,IQ,1702146176
123,port augusta,-32.5,137.7667,291.75,67,100,4.23,AU,1702146176
124,limassol,34.675,33.0333,288.19,58,40,3.09,CY,1702146003
125,fisterra,42.9049,-9.2629,288.16,97,100,3.53,ES,1702146176
126,saint croix,17.7397,-64.7388,304.4,68,20,9.26,VI,1702146176
127,beni,0.5,29.4667,292.27,95,88,0.78,CD,1702146177
128,kapuskasing,49.4169,-82.4331,276.2,100,100,3.09,CA,1702145929
129,ilhabela,-23.7781,-45.3581,295.38,86,100,2.89,BR,1702146177
130,udachny,66.4167,112.4,243.31,96,100,2.49,RU,1702146177
131,rio tinto,41.1826,-8.5581,290.14,98,100,4.63,PT,1702146177
132,uturoa,-16.7333,-151.4333,300.27,79,86,7.06,PF,1702146177
133,vilyuchinsk,52.9306,158.4028,269.22,95,100,1.68,RU,1702146177
134,tabina,7.4669,123.4081,299.87,82,3,2.85,PH,1702146177
135,masterton,-40.9597,175.6575,287.53,74,100,5.29,NZ,1702146177
136,santa maria de cayon,43.3079,-3.8756,288.76,97,75,6.17,ES,1702146178
137,san antonio de pale,-1.4014,5.6325,300.84,77,31,5.3,GQ,1702146178
138,warner,35.4943,-95.3055,288.07,50,0,5.66,US,1702146178
139,codrington,-38.2667,141.9667,285.77,64,100,6.64,AU,1702146178
140,constantia,44.1833,28.65,273.54,83,100,6.61,RO,1702146178
141,hawaiian paradise park,19.5933,-154.9731,295.95,91,100,3.6,US,1702146013
142,chadron,42.8294,-102.9999,274.97,52,0,6.69,US,1702146178
143,kodiak,57.79,-152.4072,268.88,68,20,1.54,US,1702146128
144,brookings,44.3114,-96.7984,270.96,87,100,13.38,US,1702145968
145,mareeba,-17.0,145.4333,293.95,89,49,0.74,AU,1702146178
146,luderitz,-26.6481,15.1594,293.61,59,84,10.48,NA,1702146178
147,margaret river,-33.95,115.0667,285.83,62,0,6.33,AU,1702146178
148,cockburn town,21.4612,-71.1419,300.13,74,75,7.72,TC,1702146102
149,tazovsky,67.4667,78.7,235.04,100,73,1.39,RU,1702146179
150,acambaro,20.0333,-100.7333,294.07,37,23,0.73,MX,1702146004
151,utrik,11.2278,169.8474,300.55,73,92,9.06,MH,1702146179
152,acapulco de juarez,16.8634,-99.8901,303.05,66,75,2.57,MX,1702146179
153,cochrane,51.1834,-114.4687,268.3,58,44,2.56,CA,1702146166
154,chengyang,27.0892,119.6453,287.73,82,61,0.94,CN,1702146179
155,nongstoin,25.5167,91.2667,283.91,96,79,1.1,IN,1702146179
156,colotlan,22.1,-103.2667,295.67,34,0,3.07,MX,1702146179
157,la passe,45.5549,-0.8967,287.28,81,100,8.96,FR,1702146179
158,gunjur,13.2019,-16.7339,304.19,35,0,5.66,GM,1702146179
159,alesund,62.4723,6.1549,276.23,62,0,4.63,NO,1702145974
160,tukrah,32.5341,20.5791,289.53,63,100,6.84,LY,1702146179
161,palafrugell,41.9174,3.1631,288.39,74,100,3.64,ES,1702146179
162,youhao,47.8667,128.8333,249.32,86,29,3.4,CN,1702146180
163,lake havasu city,34.4839,-114.3224,287.85,19,0,6.17,US,1702146180
164,hadibu,12.65,54.0333,298.14,75,56,5.31,YE,1702146180
165,stiens,53.2623,5.7577,281.45,99,75,6.69,NL,1702146180
166,kharkhorin,47.1975,102.8238,251.54,98,97,0.21,MN,1702146180
167,comerio,18.218,-66.226,302.25,65,6,5.94,PR,1702146180
168,pisco,-13.7,-76.2167,296.18,68,99,7.72,PE,1702146180
169,tha kham,9.1107,99.2321,299.94,90,25,1.38,TH,1702146180
170,flying fish cove,-10.4217,105.6791,297.97,88,100,4.12,CX,1702146180
171,neya,58.2972,43.8681,253.63,84,98,3.55,RU,1702146180
172,isafjordur,66.0755,-23.124,271.26,89,65,3.42,IS,1702146180
173,forbes,-33.3833,148.0167,300.88,37,78,4.75,AU,1702146181
174,touros,-5.1989,-35.4608,301.94,62,70,6.67,BR,1702146181
175,alo,7.4178,6.7371,303.18,28,30,0.75,NG,1702146181
176,margate,51.3813,1.3862,284.21,70,69,1.79,GB,1702146181
177,carnarvon,-24.8667,113.6333,302.05,24,1,13.49,AU,1702146181
178,nishinoomote,30.7333,131.0,292.9,66,73,3.39,JP,1702146181
179,tual,-5.6667,132.75,299.1,91,100,6.89,ID,1702146181
180,amga,60.8953,131.9608,240.88,97,100,2.28,RU,1702146181
181,bonthe,7.5264,-12.505,302.39,70,26,4.07,SL,1702146182
182,susanville,40.4163,-120.653,274.71,64,0,0.89,US,1702146182
183,alliance,40.9153,-81.1059,285.19,91,99,6.17,US,1702146182
184,saipan,15.1355,145.701,299.54,89,40,4.12,MP,1702146182
185,nuuk,64.1835,-51.7216,272.49,86,100,0.0,GL,1702146182
186,ratnagiri,16.9833,73.3,298.79,72,2,3.09,IN,1702146183
187,farmington,36.7281,-108.2187,274.93,66,0,0.0,US,1702146061
188,inari,68.906,27.0288,259.26,91,88,4.34,FI,1702146183
189,los osos,35.3111,-120.8324,290.11,48,79,1.79,US,1702146177
190,kerema,-7.9631,145.7785,297.91,89,90,1.75,PG,1702146183
191,college,64.8569,-147.8028,250.07,74,20,0.0,US,1702146046
192,new norfolk,-42.7826,147.0587,280.77,90,75,1.26,AU,1702146184
193,xifeng,42.7372,124.7222,260.44,52,3,1.58,CN,1702146184
194,jacobabad,28.281,68.4388,291.88,17,13,0.65,PK,1702146185
195,namibe,-15.1961,12.1522,296.9,78,82,3.01,AO,1702146185
196,koksan,38.7819,126.6664,277.1,78,5,1.77,KP,1702146185
197,hithadhoo,-0.6,73.0833,300.76,78,100,2.54,MV,1702146185
198,bardai,11.65,7.2333,295.64,11,100,3.56,NG,1702146186
199,murray bridge,-35.1167,139.2667,286.55,85,99,4.95,AU,1702146186
200,skagen,57.7209,10.5839,276.86,97,100,12.21,DK,1702146186
201,nuku'alofa,-21.1333,-175.2,298.34,83,40,5.66,TO,1702146187
202,east london,-33.0153,27.9116,288.67,94,100,6.69,ZA,1702146187
203,gambiran satu,-8.3939,114.1464,297.26,91,75,1.12,ID,1702146188
204,porbandar,21.6422,69.6093,296.01,49,0,5.93,IN,1702146188
205,zaozersk,69.4005,32.4476,258.58,88,70,5.35,RU,1702146188
206,vung tau,10.346,107.0843,299.16,81,100,5.46,VN,1702146188
207,lazaro cardenas,17.9583,-102.2,302.69,57,41,1.59,MX,1702146188
208,hilo,19.7297,-155.09,299.42,81,100,3.6,US,1702146189
209,lompoc,34.6391,-120.4579,292.0,49,0,2.06,US,1702146189
210,baiti,13.745,-14.7482,307.67,10,67,4.81,SN,1702146189
211,sola,-13.8833,167.55,299.73,70,100,8.62,VU,1702146190
212,mandalgovi,45.7625,106.2708,257.82,59,30,2.67,MN,1702146190
213,diamantina,-18.2494,-43.6003,298.13,56,87,0.94,BR,1702146190
214,mar del plata,-38.0023,-57.5575,298.05,70,100,10.28,AR,1702146001
215,ola,59.5833,151.2833,269.9,93,100,4.74,RU,1702146190
216,chipinge,-20.1883,32.6236,298.23,37,14,4.14,ZW,1702146190
217,vorgashor,67.5833,63.95,251.48,99,100,2.17,RU,1702146084
218,anchorage,61.2181,-149.9003,266.08,83,100,5.14,US,1702146191
219,mount pearl,47.5166,-52.7813,275.9,91,100,12.35,CA,1702146191
220,islamabad,33.7104,73.1338,283.62,76,0,2.13,PK,1702146191
221,hacienda huancane,-15.8222,-70.8856,282.36,59,99,1.44,PE,1702146192
222,taikang,46.8333,124.4167,253.69,71,0,3.93,CN,1702146192
223,wurtulla,-26.7568,153.1256,295.96,92,85,0.45,AU,1702146192
224,egilsstadir,65.2653,-14.3948,269.1,93,75,0.0,IS,1702146192
225,dul'durga,50.6761,113.5931,247.54,91,13,1.97,RU,1702146192
226,banda aceh,5.5577,95.3222,299.32,86,100,2.11,ID,1702146192
227,kasama,-10.2129,31.1808,292.05,87,75,1.84,ZM,1702146192
228,tipasa,36.5897,2.4475,287.94,62,37,2.74,DZ,1702146193
229,mocoreta,-30.6189,-57.9634,299.16,48,0,4.15,AR,1702146193
230,wotho,10.1657,166.0102,300.18,81,100,7.32,MH,1702146193
231,ust-nera,64.5667,143.2,253.93,99,100,1.86,RU,1702146193
232,nicoya,10.1483,-85.452,304.14,61,11,3.96,CR,1702146193
233,taoudenni,22.6783,-3.9836,298.3,18,6,5.27,ML,1702146194
234,saynshand,44.8824,110.1163,253.97,81,22,3.39,MN,1702146194
235,batang,-6.4846,110.7083,299.8,78,70,2.36,ID,1702146194
236,sihanoukville,10.6093,103.5296,297.12,100,20,2.06,KH,1702146194
237,um jar al gharbiyya,13.8013,32.4078,300.09,17,11,3.94,SD,1702146194
238,tarinkot,32.6268,65.8733,281.09,28,61,0.95,AF,1702146194
239,al qitena,14.8648,32.3668,298.96,17,21,4.24,SD,1702146195
240,chandur,19.7333,79.1833,292.43,59,1,1.06,IN,1702146195
241,weno,7.4515,151.8468,301.12,89,100,4.12,FM,1702146195
242,tofol,5.3248,163.0078,301.36,76,44,5.27,FM,1702146195
243,alaghsas,17.0187,8.0168,298.09,14,0,3.6,NE,1702146195
244,vanersborg,58.3807,12.3234,274.58,86,75,5.14,SE,1702146195
245,lionel town,17.8101,-77.2406,304.09,61,8,5.41,JM,1702146196
246,lata,40.1629,-8.3327,290.41,94,97,1.57,PT,1702146196
247,tolanaro,-25.0319,46.9987,297.19,88,75,5.14,MG,1702146196
248,dalianwan,39.0286,121.695,272.17,34,0,2.0,CN,1702146196
249,arteche,12.2645,125.4048,299.3,84,47,3.65,PH,1702146196
250,georgetown,5.4112,100.3354,302.11,85,20,0.51,MY,1702146197
251,bowen,-20.0167,148.2333,297.25,74,12,6.06,AU,1702146197
252,khanpur,28.6453,70.6567,290.62,22,10,2.89,PK,1702146197
253,hassi messaoud,31.6804,6.0729,290.07,39,1,5.66,DZ,1702146198
254,namdrik,5.5994,168.1028,300.95,81,99,7.23,MH,1702146198
255,lepsy,46.235,78.9456,264.55,47,46,2.21,KZ,1702146198
256,yuyao,30.05,121.1494,290.02,73,74,0.76,CN,1702146199
257,bamboo flat,11.7,92.7167,299.2,94,40,1.03,IN,1702146199
258,brady,31.1352,-99.3351,291.68,41,0,7.72,US,1702146199
259,farsan,32.2569,50.561,278.17,58,2,2.63,IR,1702146199
260,mount isa,-20.7333,139.5,298.02,65,4,0.0,AU,1702146199
261,colonia,50.9333,6.95,282.75,90,75,5.14,DE,1702146100
262,newman,37.3138,-121.0208,283.84,55,69,0.45,US,1702146200
263,chesma,53.8111,60.6533,247.26,97,12,1.37,RU,1702146200
264,kingston,17.997,-76.7936,302.73,81,32,0.45,JM,1702145938
265,sragen,-7.4264,111.0222,298.17,82,95,4.07,ID,1702146200
266,port douglas,-16.4833,145.4667,297.06,80,24,2.93,AU,1702146200
267,qamdo,31.1667,97.2333,267.21,61,15,2.52,CN,1702146201
268,konarka,19.9,86.1167,293.37,69,48,2.74,IN,1702146201
269,zapolyarnyy,69.4154,30.8136,257.75,89,36,6.53,RU,1702146201
270,battlefield,37.1156,-93.3702,285.21,63,0,6.17,US,1702146201
271,tabuk,17.4189,121.4443,297.32,92,68,1.75,PH,1702146202
272,crane,31.3974,-102.3501,287.43,16,0,8.08,US,1702146202
273,alice springs,-23.7,133.8833,290.9,94,100,2.06,AU,1702146202
274,benjamin aceval,-24.9667,-57.5667,305.23,52,17,2.46,PY,1702146202
275,enewetak,11.3474,162.3373,300.27,81,67,6.93,MH,1702146202
276,aykhal,66.0,111.5,242.62,98,100,2.76,RU,1702146203
277,soata,6.3337,-72.6828,298.51,48,68,0.64,CO,1702146203
278,freetown,8.484,-13.2299,301.22,76,19,3.05,SL,1702146203
279,lamu,-2.2717,40.902,301.27,82,86,5.82,KE,1702146204
280,yuzhno-kurilsk,44.0306,145.8556,280.03,72,46,7.67,RU,1702146204
281,morondava,-20.2833,44.2833,300.38,84,0,4.76,MG,1702146204
282,island harbour,50.724,-1.2758,284.78,79,18,3.13,GB,1702146204
283,el granada,37.5027,-122.4694,287.87,44,40,4.12,US,1702146204
284,moranbah,-22.0016,148.0466,293.4,78,0,5.55,AU,1702146204
285,phang nga,8.4509,98.5298,300.17,94,29,1.35,TH,1702146204
286,gaspe,48.8334,-64.4819,276.27,48,40,1.03,CA,1702146205
287,oulmes,33.4258,-6.0014,287.3,52,99,2.5,MA,1702146205
288,dompu,-8.5356,118.4622,298.46,94,100,1.09,ID,1702146205
289,gereida,11.2811,25.1414,298.67,13,42,2.92,SD,1702146205
290,naracoorte,-36.9579,140.7383,283.84,73,100,5.6,AU,1702146206
291,aoulef,26.9667,1.0833,292.79,21,40,6.12,DZ,1702146207
292,satipo,-11.2522,-74.6386,295.18,98,100,0.34,PE,1702146207
293,port mathurin,-19.6833,63.4167,299.6,77,74,4.6,MU,1702146207
294,lethem,3.3803,-59.7968,306.43,44,78,4.67,GY,1702146208
295,rongelap,11.1635,166.8941,300.68,80,100,8.9,MH,1702146208
296,pionerskiy,54.9508,20.2275,270.06,85,100,5.93,RU,1702146208
297,dunedin,-45.8742,170.5036,284.15,67,99,8.49,NZ,1702146082
298,orange,33.7,-117.7675,295.14,21,0,5.66,US,1702146169
299,longyearbyen,78.2186,15.6401,269.06,80,75,8.23,SJ,1702146209
300,hetauda,27.4284,85.0322,288.79,64,0,1.99,NP,1702146209
301,bakanas,44.8081,76.2772,268.71,81,90,3.53,KZ,1702146210
302,sal rei,16.1833,-22.9167,299.26,73,20,6.69,CV,1702146210
303,kalianget,-7.05,113.9333,300.74,79,94,3.2,ID,1702146210
304,polyarnyy,69.1989,33.4478,260.92,86,90,8.57,RU,1702146210
305,nizhniy odes,63.6445,54.856,247.21,100,98,1.4,RU,1702146210
306,semenivka,52.1783,32.5818,265.07,97,100,2.76,UA,1702146211
307,beruwala,6.4788,79.9828,298.68,88,98,1.33,LK,1702146211
308,ad dawadimi,24.5077,44.3924,291.79,22,0,3.46,SA,1702146211
309,khost,33.3395,69.9204,283.14,28,4,1.75,AF,1702146211
310,kirensk,57.7853,108.1119,235.35,99,96,0.89,RU,1702146211
311,guarapari,-20.6667,-40.4975,297.53,91,97,6.7,BR,1702146211
312,gavrilov posad,56.5597,40.1175,256.76,94,98,5.4,RU,1702146211
313,melilla,35.2937,-2.9383,291.36,59,0,3.09,ES,1702146211
314,hermanus,-34.4187,19.2345,290.63,75,25,6.08,ZA,1702146212
315,port lincoln,-34.7333,135.8667,287.08,78,100,9.73,AU,1702146212
316,happy valley-goose bay,53.3168,-60.3315,269.32,54,20,6.17,CA,1702146212
317,yakeshi,49.2833,120.7333,236.12,100,81,1.81,CN,1702146212
318,kruisfontein,-34.0033,24.7314,286.97,92,100,0.91,ZA,1702146213
319,narrabri,-30.3167,149.7833,300.11,57,2,2.24,AU,1702146213
320,kansk,56.2017,95.7175,241.11,100,92,0.5,RU,1702146213
321,nieuw amsterdam,5.8833,-55.0833,300.64,76,52,4.41,SR,1702146213
322,souillac,-20.5167,57.5167,299.36,89,40,2.57,MU,1702146213
323,greymouth,-42.4667,171.2,287.29,96,100,5.84,NZ,1702146213
324,torit,4.4133,32.5678,303.92,34,99,0.54,SS,1702146214
325,paros,37.0833,25.15,286.65,70,100,9.99,GR,1702146214
326,mol,51.192,5.1145,284.7,90,100,6.83,BE,1702146214
327,taroa,8.7058,171.2275,300.82,79,100,8.27,MH,1702146214
328,banapur,19.7833,85.1833,295.58,73,40,1.56,IN,1702146215
329,ulanhot,46.0833,122.0833,253.76,62,0,4.64,CN,1702146215
330,klaksvik,62.2266,-6.589,278.66,72,100,12.26,FO,1702146215
331,eyl,7.9803,49.8164,298.85,78,66,9.0,SO,1702146215
332,salinopolis,-0.6136,-47.3561,302.67,70,98,5.12,BR,1702146215
333,saint-pierre,-21.3393,55.4781,298.97,83,40,2.06,RE,1702146215
334,gadzhiyevo,69.2551,33.3362,260.63,86,87,8.43,RU,1702146216
335,talcahuano,-36.7167,-73.1167,293.97,49,0,7.2,CL,1702146216
336,wagar,16.1525,36.2032,302.51,21,96,3.41,SD,1702146216
337,ta`u,-14.2336,-169.5144,300.32,81,77,6.04,AS,1702146216
338,harper,4.375,-7.7169,301.01,78,20,3.53,LR,1702146217
339,tanjung pandan,-2.75,107.65,299.48,86,100,2.61,ID,1702146217
340,andradina,-20.8961,-51.3794,308.74,34,32,2.3,BR,1702146217
341,beihai,21.4833,109.1,295.65,85,7,2.21,CN,1702146218
342,rethymno,35.3647,24.4714,285.94,70,91,3.94,GR,1702145804
343,selfoss,63.9331,-20.9971,269.29,64,1,3.8,IS,1702146218
344,milagros,12.2181,123.5095,298.36,88,8,2.81,PH,1702146218
345,kamina,-8.7386,24.9906,292.3,94,84,0.83,CD,1702146218
346,sigayevo,56.4216,53.7757,240.64,100,20,1.01,RU,1702146018
347,richards bay,-28.783,32.0377,295.53,97,100,2.49,ZA,1702146218
348,vadso,70.0744,29.7487,261.24,79,40,9.77,NO,1702146219
349,sydney mines,46.2367,-60.2177,277.73,76,20,5.66,CA,1702146219
350,nar'yan-mar,67.6713,53.087,245.99,92,9,2.68,RU,1702146219
351,palm coast,29.585,-81.2078,301.0,68,40,3.6,US,1702146162
352,es castell,39.8795,4.2854,286.53,71,20,3.09,ES,1702146220
353,mbinga,-10.9333,35.0167,291.32,96,39,0.97,TZ,1702146220
354,zaragoza,41.6561,-0.8773,291.2,68,0,2.68,ES,1702146015
355,salalah,17.0151,54.0924,298.2,61,0,2.06,OM,1702146220
356,ginir,7.1333,40.7,287.74,56,27,1.71,ET,1702146221
357,vangviang,18.9333,102.45,297.33,78,53,0.77,LA,1702146221
358,st. john's,47.5649,-52.7093,276.36,91,100,12.35,CA,1702146178
359,okha,53.5739,142.9478,268.28,94,100,11.92,RU,1702146221
360,tromso,69.6496,18.957,269.16,54,0,8.75,NO,1702146221
361,namsos,64.4662,11.4957,274.18,69,100,7.72,NO,1702146221
362,san felice circeo,41.2372,13.0942,284.58,61,49,2.56,IT,1702146222
363,soderhamn,61.3037,17.0592,272.01,93,100,3.36,SE,1702146222
364,alappuzha,9.49,76.3264,300.66,82,58,2.06,IN,1702146222
365,antsiranana,-12.2787,49.2917,299.94,80,81,5.86,MG,1702146222
366,mersing,2.4312,103.8405,298.1,94,40,2.06,MY,1702146223
367,arraial do cabo,-22.9661,-42.0278,298.13,73,75,4.63,BR,1702146223
368,mossel bay,-34.1831,22.146,289.11,80,44,2.12,ZA,1702146223
369,sint michiel liber,12.15,-68.9833,302.05,79,40,6.17,CW,1702146223
370,fada,9.5667,8.3,297.71,25,38,1.48,NG,1702146223
371,sao vicente,-23.9631,-46.3919,297.25,70,100,4.63,BR,1702146081
372,al qubbah,32.7616,22.2424,284.7,74,100,3.53,LY,1702146223
373,lerwick,60.1545,-1.1494,281.15,95,100,12.79,GB,1702146223
374,amble,55.3333,-1.5833,280.7,100,40,1.54,GB,1702146224
375,jinchang,38.4953,102.1739,272.32,56,100,1.44,CN,1702146224
376,mawlaik,23.6333,94.4167,291.31,95,8,0.53,MM,1702146224
377,wad medani,14.4012,33.5199,300.19,23,42,3.49,SD,1702146224
378,bafra,41.5678,35.9069,289.1,93,100,0.56,TR,1702146224
379,ierapetra,35.01,25.7353,288.23,61,68,3.58,GR,1702146224
380,dolbeau-mistassini,48.8763,-72.212,265.51,78,99,2.76,CA,1702146224
381,boguchany,58.3814,97.4531,246.96,99,100,0.89,RU,1702146225
382,thunder bay,48.4001,-89.3168,276.14,93,100,2.06,CA,1702146225
383,beykonak,36.3257,30.303,287.59,68,62,2.84,TR,1702146225
384,na mom,6.9586,100.5568,297.06,94,40,0.0,TH,1702146225
385,ocean shores,46.9737,-124.1563,278.16,95,100,6.17,US,1702146226
386,shalkar,47.8288,59.6258,261.3,26,82,4.81,KZ,1702146226
387,tralee,52.2704,-9.7026,283.29,76,75,6.17,IE,1702146008
388,salto del guaira,-24.0625,-54.3069,302.53,71,20,2.07,PY,1702146226
389,burang,30.25,81.1667,258.93,82,20,1.7,CN,1702146226
390,padang,-0.9492,100.3543,299.18,90,100,1.35,ID,1702146226
391,afaahiti,-17.75,-149.2833,301.08,85,79,7.05,PF,1702146226
392,port hedland,-20.3167,118.5667,301.18,69,47,2.57,AU,1702146226
393,ancud,-41.8697,-73.8203,286.36,65,40,3.65,CL,1702146226
394,shihezi,44.3,86.0333,268.52,94,100,0.53,CN,1702146227
395,labytnangi,66.6572,66.4183,252.47,99,100,0.63,RU,1702146227
396,abay,49.6311,72.8539,245.36,79,0,2.08,KZ,1702146227
397,rudbar,30.15,62.6,287.2,30,95,0.6,AF,1702146227
398,turgen,43.4006,77.5933,267.22,84,90,2.44,KZ,1702146228
399,bayanaul,50.7889,75.6956,250.58,83,1,0.3,KZ,1702146228
400,la ronge,55.1001,-105.2842,264.29,73,20,3.09,CA,1702146228
401,williams lake,52.1415,-122.1445,273.18,71,100,9.26,CA,1702146228
402,emerald,-23.5333,148.1667,292.78,78,0,3.15,AU,1702146228
403,puerto lopez,4.0845,-72.956,305.03,55,97,3.1,CO,1702146228
404,labrador city,52.9463,-66.9114,261.1,67,75,0.0,CA,1702146010
405,katsuura,35.1333,140.3,286.68,59,95,2.83,JP,1702146228
406,trondheim,63.4305,10.3951,275.2,75,82,2.24,NO,1702146229
407,kasungu,-13.0333,33.4833,297.23,58,100,2.71,MW,1702146229
408,igarka,67.4667,86.5833,231.83,100,73,1.62,RU,1702146229
409,cardigan,52.0847,-4.6591,284.2,73,6,14.97,GB,1702146229
410,yemetsk,63.4721,41.7941,252.98,90,21,3.85,RU,1702146229
411,dyurtyuli,55.4911,54.8688,239.26,100,24,0.4,RU,1702146229
412,cannonvale,-20.2833,148.7,298.81,76,55,7.92,AU,1702146229
413,dampit,-8.2116,112.7493,295.98,94,90,0.74,ID,1702146229
414,san luis de la loma,17.2706,-100.8939,302.67,58,86,1.61,MX,1702146229
415,belyy yar,53.6039,91.3903,242.09,76,20,2.0,RU,1702146229
416,karymskoye,51.6167,114.35,247.75,93,15,1.82,RU,1702146230
417,papao,-17.75,-149.55,301.97,85,64,9.09,PF,1702146230
418,el porvenir,13.7617,-87.3458,298.78,44,1,2.87,HN,1702146230
419,genhe,50.7833,121.5167,237.84,99,20,1.51,CN,1702146230
420,celestun,20.8667,-90.4,302.55,64,64,1.37,MX,1702146230
421,caraballeda,10.6112,-66.8522,305.19,75,20,2.06,VE,1702146230
422,urucara,-2.5364,-57.76,308.63,42,64,1.54,BR,1702146230
423,nova sintra,14.8667,-24.7167,295.37,73,0,6.72,CV,1702146231
424,benjamin constant,-4.3831,-70.0311,305.22,70,40,2.57,BR,1702146231
425,mazatlan,23.2167,-106.4167,301.99,59,0,2.57,MX,1702146231
426,velizh,55.6056,31.1967,263.42,95,100,2.88,RU,1702146231
427,malakal,9.5334,31.6605,301.46,23,33,2.56,SS,1702146231
428,akbarabad,29.2464,52.7793,280.94,41,33,1.71,IR,1702146231
429,bezhetsk,57.7851,36.6965,258.08,93,100,5.86,RU,1702146231
430,kalmunai,7.4167,81.8167,298.82,89,76,3.17,LK,1702146231
431,kachug,53.9606,105.8817,240.4,99,75,0.17,RU,1702146231
432,huilong,31.8111,121.655,287.95,77,96,3.11,CN,1702146231
433,praia da vitoria,38.7333,-27.0667,292.29,88,20,10.51,PT,1702146231
434,sinabang,2.4803,96.3801,299.86,83,99,2.17,ID,1702146232
435,labuan,5.2767,115.2417,300.35,89,20,0.0,MY,1702146232
436,ulladulla,-35.35,150.4667,293.02,90,100,4.28,AU,1702146232
437,fort mcmurray,56.7268,-111.381,265.88,73,0,1.54,CA,1702145940
438,yaren,-0.5472,166.916,300.85,75,100,1.16,NR,1702146232
439,kapit,2.0167,112.9333,296.58,99,100,1.65,MY,1702146232
440,sligo,54.2697,-8.4694,283.11,71,40,14.92,IE,1702146232
441,dara,15.3484,-15.4799,309.13,9,64,4.72,SN,1702146232
442,mikuni,36.2171,136.1519,284.1,68,94,3.19,JP,1702146232
443,nazca,-14.8333,-74.95,301.6,39,99,2.75,PE,1702146232
444,hobyo,5.3505,48.5268,300.05,78,82,7.8,SO,1702146232
445,cedar city,37.6775,-113.0619,272.81,50,0,6.17,US,1702146126
446,horta,38.5333,-28.6333,292.05,91,40,7.2,PT,1702146232
447,bu'aale,1.0833,42.5833,299.15,72,28,4.15,SO,1702146233
448,lefka,35.1106,32.8506,288.4,68,79,5.23,CY,1702146233
449,ostersund,63.1792,14.6357,270.16,100,20,7.2,SE,1702146233
450,bodo,67.28,14.405,270.17,63,0,10.8,NO,1702146233
451,cotui,19.0527,-70.1494,302.99,55,57,3.03,DO,1702146233
452,betio village,1.358,172.9211,300.17,75,96,2.27,KI,1702146233
453,susuman,62.7833,148.1667,256.47,97,100,0.89,RU,1702146233
454,santa rita,-7.1139,-34.9781,303.52,62,40,5.66,BR,1702146233
455,gebeit,21.0667,36.3167,296.39,73,54,5.57,SD,1702146233
456,veinticinco de mayo,-35.4323,-60.1727,298.49,48,100,4.74,AR,1702146233
457,tateyama,34.9833,139.8667,287.92,54,92,1.89,JP,1702146233
458,micheweni,-4.9667,39.8333,300.26,81,82,3.57,TZ,1702146233
459,san andres,12.5847,-81.7006,304.16,74,40,7.72,CO,1702146234
460,punaauia,-17.6333,-149.6,301.95,70,20,3.09,PF,1702146234
461,bubaque,11.2833,-15.8333,301.49,63,100,4.91,GW,1702146234
462,swakopmund,-22.6833,14.5333,292.62,83,40,0.45,NA,1702146234
463,bol,13.4586,14.7147,297.37,45,97,4.92,TD,1702146234
464,hanceville,34.0607,-86.7675,294.1,92,100,4.24,US,1702146234
465,natal,-5.795,-35.2094,303.51,58,40,6.69,BR,1702146215
466,tura,25.5198,90.2201,288.7,84,5,0.89,IN,1702146234
467,arkhangel'sk,64.5401,40.5433,253.22,83,20,5.0,RU,1702146190
468,kyaikkami,16.08,97.5675,300.29,76,1,1.34,MM,1702146234
469,amuntai,-2.4177,115.2494,296.64,99,96,0.77,ID,1702146234
470,funafuti,-8.5243,179.1942,301.65,80,100,5.51,TV,1702146235
471,lodja,-3.4833,23.4333,294.74,99,98,0.56,CD,1702146235
472,chibougamau,49.9168,-74.3659,270.94,86,100,4.12,CA,1702146235
473,lorengau,-2.0226,147.2712,300.61,83,100,5.24,PG,1702146235
474,seryshevo,51.0933,128.3786,246.7,92,93,3.44,RU,1702146235
475,rabaul,-4.1967,152.1721,299.72,78,94,1.65,PG,1702146235
476,bontang,0.1333,117.5,299.86,82,63,0.81,ID,1702146235
477,dakhla,23.6848,-15.958,294.16,68,19,7.2,EH,1702146235
478,snyder,32.7179,-100.9176,284.99,43,0,5.66,US,1702146235
479,lau,9.2167,11.2833,301.46,17,45,2.23,NG,1702146235
480,qalat,32.1058,66.9083,278.41,37,79,2.05,AF,1702146236
481,karonga,-9.9333,33.9333,299.12,74,34,1.37,MW,1702146236
482,pursat,12.3333,103.6667,297.07,84,39,1.29,KH,1702146236
483,lakatoro,-16.0999,167.4164,298.33,72,100,5.28,VU,1702146236
484,elverum,60.8819,11.5623,271.62,96,100,2.98,NO,1702146236
485,oriximina,-1.7656,-55.8661,307.26,45,49,1.18,BR,1702146136
486,colby,39.3958,-101.0524,277.18,33,0,14.4,US,1702146236
487,kauhajoki,62.4333,22.1833,263.21,90,100,1.79,FI,1702146236
488,acarau,-2.8856,-40.12,303.73,64,34,10.28,BR,1702146226
489,nola,40.922,14.5329,286.07,77,41,0.64,IT,1702146236
490,al kharijah,25.4514,30.5464,290.83,35,41,3.28,EG,1702146236
491,suntar,62.1444,117.6319,245.32,95,100,4.02,RU,1702146236
492,constitucion,-35.3333,-72.4167,293.78,50,1,8.33,CL,1702146237
493,okulovka,58.4008,33.2908,261.5,92,100,4.61,RU,1702146237
494,moa,20.6569,-74.9403,299.66,81,100,6.9,CU,1702146237
495,saint-paul,-21.0096,55.2707,299.21,98,36,0.24,RE,1702146237
496,broome,42.2506,-75.833,285.36,58,75,2.57,US,1702146237
497,annau,37.8876,58.516,278.87,75,99,5.14,TM,1702146237
498,illizi,26.4833,8.4667,287.04,35,1,4.43,DZ,1702146237
499,ivdel',60.6911,60.4206,249.37,92,99,1.34,RU,1702146237
500,caleta de carquin,-11.0925,-77.6267,295.46,76,76,4.8,PE,1702146237
501,ketchikan,55.3422,-131.6461,277.41,87,100,8.75,US,1702146237
502,chimoio,-19.1164,33.4833,297.35,62,1,3.41,MZ,1702146237
503,kiunga,-6.1219,141.2906,295.79,100,52,0.84,PG,1702146237
504,san fernando de apure,7.8878,-67.4724,304.99,52,65,3.75,VE,1702146238
505,warman,52.3168,-106.5679,267.1,85,0,4.63,CA,1702146238
506,ataq,14.5377,46.8319,290.51,42,14,1.79,YE,1702146238
507,lethbridge,49.7,-112.8186,270.21,68,75,7.2,CA,1702146238
508,homer,59.6425,-151.5483,270.08,86,20,2.06,US,1702146238
509,boli,45.7667,130.5167,255.87,80,85,5.72,CN,1702146238
510,fortuna,40.5982,-124.1573,283.11,89,0,1.34,US,1702146238
511,magadan,59.5667,150.8,269.56,95,100,5.44,RU,1702146238
512,maneromango,-7.1988,38.7848,295.16,96,98,2.17,TZ,1702146238
513,champerico,14.3,-91.9167,302.3,66,49,3.93,GT,1702146238
514,kolo,52.2002,18.6387,273.88,96,100,3.86,PL,1702146238
515,dolores,-36.3132,-57.6792,294.95,60,99,3.9,AR,1702146239
516,turpan,42.9333,89.1667,276.2,43,98,0.95,CN,1702146239
517,valparaiso,-33.0393,-71.6273,304.28,30,0,9.26,CL,1702146239
518,karratha,-20.7377,116.8463,303.47,51,63,4.16,AU,1702146239
519,chernyshevskiy,63.0128,112.4714,244.38,96,100,2.48,RU,1702146239
520,northam,51.0333,-4.2167,284.6,84,52,13.9,GB,1702146239
521,howrah,22.5892,88.3103,293.15,88,20,0.0,IN,1702146239
522,lensk,60.7253,114.9278,243.04,93,100,4.76,RU,1702146239
523,lesnoy,57.6198,63.0784,251.98,97,89,2.89,RU,1702146239
524,bad neuenahr-ahrweiler,50.55,7.1,281.02,92,100,3.13,DE,1702146239
525,murehwa,-17.6432,31.784,298.73,30,22,2.65,ZW,1702146239
526,mount pleasant,32.7941,-79.8626,297.23,87,100,1.54,US,1702146166
527,kloulklubed,7.0419,134.2556,299.43,73,100,5.21,PW,1702146240
528,miquelon,47.0975,-56.3814,279.15,81,51,9.04,PM,1702146240
529,bauska,56.4075,24.1906,267.06,94,100,4.23,LV,1702146240
530,beroroha,-21.6667,45.1667,297.71,78,70,2.72,MG,1702146240
531,hakha,22.65,93.6167,282.83,95,17,0.51,MM,1702146240
532,malmesbury,-33.4608,18.7271,291.9,49,5,4.82,ZA,1702145955
533,libreville,0.3925,9.4537,299.94,83,38,3.87,GA,1702146240
534,ust-tsilma,65.441,52.1498,240.71,100,27,0.89,RU,1702146240
535,whitefish,48.4111,-114.3376,272.6,78,0,0.0,US,1702145968
536,plouzane,48.3833,-4.6167,285.18,82,100,9.77,FR,1702146241
537,yanaul,56.2719,54.9309,240.55,100,31,0.97,RU,1702146241
538,hotan,37.0997,79.9269,278.65,26,100,2.34,CN,1702146241
539,revda,56.801,59.9303,243.29,99,16,1.68,RU,1702146241
540,saint-leu,-21.15,55.2833,298.63,98,20,0.88,RE,1702146241
541,kralendijk,12.15,-68.2667,300.82,82,8,10.65,BQ,1702146218
542,yazoo city,32.8551,-90.4056,295.88,74,62,5.02,US,1702146241
543,elva,58.2225,26.4211,264.38,93,100,4.12,EE,1702146241
544,kumylzhenskaya,49.8809,42.5898,267.58,60,100,8.09,RU,1702146242
545,ambalangoda,6.2355,80.0538,298.91,87,95,1.1,LK,1702146242
546,yarmouth,41.7057,-70.2286,284.24,81,100,4.12,US,1702146242
547,nabire,-3.3667,135.4833,297.34,94,96,1.58,ID,1702146242
548,brisas barra de suchiate,14.55,-92.2167,306.25,68,77,3.83,MX,1702146243
549,basoko,1.2391,23.616,299.59,66,82,0.71,CD,1702146243
550,malango,-2.9627,119.9001,293.03,96,99,1.46,ID,1702146243
551,mazagao,-0.115,-51.2894,306.18,43,63,2.67,BR,1702146243
552,umba,66.6871,34.3429,262.1,94,100,5.17,RU,1702146244
553,nizhneangarsk,55.7833,109.55,245.37,88,41,3.58,RU,1702146244
554,hastings,50.8552,0.5729,284.25,77,63,13.71,GB,1702146244
555,kristiansund,63.1115,7.732,275.51,51,0,2.57,NO,1702146244
556,launceston,-41.45,147.1667,283.79,87,100,3.6,AU,1702146245
557,nelson bay,-32.7167,152.15,296.18,97,62,5.81,AU,1702146245
558,gilmer,32.7287,-94.9424,297.13,49,0,1.54,US,1702146245
559,puerto maldonado,-12.6,-69.1833,306.37,55,40,2.57,PE,1702146245
560,abepura,-2.6333,140.5833,298.6,94,20,1.54,ID,1702146245
561,hammerfest,70.6634,23.6821,267.4,63,91,2.06,NO,1702146245
562,sur,22.5667,59.5289,296.76,56,2,3.88,OM,1702146246
563,bel ombre,-4.6167,55.4167,301.06,78,20,0.51,SC,1702146246
564,axim,4.8699,-2.2405,300.82,80,35,3.6,GH,1702146246
565,goderich,43.7501,-81.7165,286.43,87,98,9.26,CA,1702146246
566,zemio,5.0314,25.1361,297.68,44,54,0.61,CF,1702146247
567,concepcion,-36.827,-73.0498,294.04,49,0,7.2,CL,1702146219
568,liwale,-9.7667,37.9333,296.28,92,98,1.61,TZ,1702146247
569,buala,-8.145,159.5921,299.74,85,100,2.83,SB,1702146247
570,palmares do sul,-30.2578,-50.5097,295.86,58,88,7.61,BR,1702146247
571,pudozh,61.8099,36.5345,256.45,97,50,1.34,RU,1702146248
